Department,Class,Section,Year,Semester,A,B,C,D,F,Total,Name
AERO,101,200,2013,Fall,39,0,0,0,0,39,KINRA V
AERO,101,500,2013,Fall,35,1,2,0,0,38,KINRA V
AERO,201,200,2013,Fall,11,1,1,0,0,13,STRGANAC T
AERO,201,500,2013,Fall,22,28,12,2,1,65,STRGANAC T
AERO,209,500,2013,Fall,17,32,19,7,1,76,SHRYOCK K
AERO,210,500,2013,Fall,4,14,13,3,0,34,POLLOCK T
AERO,212,500,2013,Fall,7,6,14,2,2,31,BOYD J
AERO,213,501,2013,Fall,8,11,14,4,1,38,BOYD J
AERO,213,502,2013,Fall,6,15,15,1,1,38,BOYD J
AERO,214,500,2013,Fall,3,20,12,4,2,41,NARAGHI M
AERO,220,500,2013,Fall,14,8,7,2,1,32,WHITCOMB J
AERO,220,501,2013,Fall,11,11,5,2,2,31,WHITCOMB J
AERO,301,200,2013,Fall,4,1,0,2,0,7,DONZIS D
AERO,301,500,2013,Fall,13,27,20,1,1,62,DONZIS D
AERO,302,901,2013,Fall,14,11,0,0,0,25,REDINIOTIS O
AERO,302,902,2013,Fall,9,13,2,0,0,24,REDINIOTIS O
AERO,302,904,2013,Fall,6,12,0,0,1,19,REDINIOTIS O
AERO,303,500,2013,Fall,9,17,16,3,1,46,REED H
AERO,304,500,2013,Fall,8,22,19,7,0,56,BENZERGA A
AERO,305,501,2013,Fall,6,15,7,0,0,28,BHATTACHARYA R
AERO,305,502,2013,Fall,6,15,4,0,0,25,BHATTACHARYA R
AERO,306,500,2013,Fall,21,23,8,1,0,53,STROUBOULIS T
AERO,310,501,2013,Fall,12,18,15,7,0,52,CHAKRAVORTY S
AERO,320,500,2013,Fall,7,13,13,2,0,35,MORTARI D
AERO,351,500,2013,Fall,19,24,9,0,0,52,KARPETIS A
AERO,401,501,2013,Fall,28,0,0,0,0,28,VALASEK J
AERO,401,502,2013,Fall,19,0,0,0,0,19,POLLOCK T
AERO,402,501,2013,Fall,24,0,0,0,0,24,LUTZ W
AERO,402,503,2013,Fall,29,7,0,0,0,36,KANIPE D
AERO,417,500,2013,Fall,5,4,4,4,0,17,CIZMAS P
AERO,420,500,2013,Fall,15,9,1,0,0,25,STRGANAC T
AERO,421,500,2013,Fall,28,9,5,0,0,42,CHAMITOFF G
AERO,422,500,2013,Fall,3,3,10,1,0,17,VADALI S
AERO,423,500,2013,Fall,31,28,10,2,0,71,MORTARI D
AERO,426,500,2013,Fall,37,5,0,0,0,42,HYLAND D
AERO,430,500,2013,Fall,49,1,0,0,0,50,STROUBOULIS T
AERO,435,500,2013,Fall,30,7,2,0,0,39,BOWERSOX R
AERO,485,533,2013,Fall,9,0,0,0,0,9,CHAKRAVORTY S
AERO,489,500,2013,Fall,4,11,0,0,0,15,WHITCOMB J
AERO,603,600,2013,Fall,13,10,4,0,1,28,KINRA V
AERO,618,600,2013,Fall,3,5,1,0,0,9,HARTL D
AERO,622,600,2013,Fall,22,5,2,0,0,29,HURTADO J
AERO,676,600,2013,Fall,9,0,0,0,0,9,BOWERSOX R
AERO,685,624,2013,Fall,7,0,0,0,0,7,TURNER J
AERO,689,601,2013,Fall,7,2,0,0,0,9,TALREJA R
MEMA,602,600,2013,Fall,5,2,0,0,0,7,KINRA V
BMEN,101,200,2013,Fall,21,0,0,0,0,21,COTE G
BMEN,101,201,2013,Fall,12,0,0,0,0,12,COTE G
BMEN,101,501,2013,Fall,68,1,2,1,0,72,COTE G
BMEN,101,502,2013,Fall,67,3,0,1,0,71,COTE G
BMEN,289,501,2013,Fall,62,13,4,0,3,82,MEISSNER K
BMEN,305,501,2013,Fall,13,3,0,0,0,16,MAITLAND K
BMEN,305,502,2013,Fall,16,1,0,0,0,17,MAITLAND K
BMEN,305,503,2013,Fall,16,4,0,0,0,20,MAITLAND K
BMEN,305,504,2013,Fall,17,2,0,0,0,19,MAITLAND K
BMEN,321,500,2013,Fall,31,33,7,1,0,72,JO J
BMEN,341,500,2013,Fall,46,23,6,1,2,78,MORENO M
BMEN,343,500,2013,Fall,52,22,6,0,0,80,GAHARWAR A
BMEN,420,500,2013,Fall,26,46,8,1,1,82,MCDOUGALL M
BMEN,425,500,2013,Fall,3,3,0,0,0,6,MAITLAND K
BMEN,431,500,2013,Fall,3,3,1,0,0,7,HWANG W
BMEN,469,500,2013,Fall,16,8,0,0,0,24,PISHKO M
BMEN,485,537,2013,Fall,4,1,0,0,0,5,MORENO M
BMEN,489,507,2013,Fall,6,0,0,0,0,6,MORENO M
BMEN,489,512,2013,Fall,60,17,1,0,0,78,MCSHANE M
BMEN,608,600,2013,Fall,7,1,0,0,0,8,YAKOVLEV V
BMEN,625,600,2013,Fall,6,2,2,1,0,11,MAITLAND K
BMEN,669,600,2013,Fall,16,2,0,0,0,18,PISHKO M
BMEN,689,600,2013,Fall,10,0,1,0,0,11,MAITLAND D
BMEN,689,607,2013,Fall,4,1,0,0,0,5,MORENO M
BMEN,689,608,2013,Fall,4,0,2,0,0,6,KAUNAS R
BIOT,601,600,2013,Fall,18,1,0,0,0,19,KING M
BIOT,635,600,2013,Fall,14,4,1,0,0,19,KING M
BIOT,645,600,2013,Fall,12,0,0,0,0,12,YOUNG C
BIOT,645,601,2013,Fall,9,0,0,0,0,9,YOUNG C
CHEN,204,501,2013,Fall,15,13,16,8,0,52,JAYARAMAN A
CHEN,204,502,2013,Fall,15,27,29,15,2,88,HOLSTE J
CHEN,301,501,2013,Fall,17,10,2,0,1,30,RAISOR C
CHEN,301,502,2013,Fall,15,17,6,0,0,38,RAISOR C
CHEN,304,500,2013,Fall,10,25,9,1,1,46,VADDIRAJU S
CHEN,304,501,2013,Fall,24,32,9,1,0,66,UGAZ V
CHEN,313,500,2013,Fall,6,7,4,1,0,18,JEONG H
CHEN,313,501,2013,Fall,13,29,16,2,0,60,CAGIN T
CHEN,320,500,2013,Fall,27,37,14,7,3,88,SEMINARIO J
CHEN,354,500,2013,Fall,8,17,24,4,0,53,CHEN Z
CHEN,414,901,2013,Fall,16,3,0,0,1,20,ISDALE C
CHEN,414,902,2013,Fall,17,3,0,0,0,20,ISDALE C
CHEN,414,903,2013,Fall,15,5,0,0,0,20,ISDALE C
CHEN,414,904,2013,Fall,21,1,0,0,0,22,ISDALE C
CHEN,414,905,2013,Fall,20,0,0,0,0,20,ISDALE C
CHEN,424,500,2013,Fall,20,22,18,1,0,61,KAO K
CHEN,424,502,2013,Fall,12,18,11,1,0,42,WILHITE B
CHEN,426,500,2013,Fall,17,25,5,0,0,47,BALDWIN J
CHEN,430,500,2013,Fall,12,14,0,0,0,26,ROGERS W
CHEN,433,501,2013,Fall,16,3,0,0,0,19,WHITE J
CHEN,433,503,2013,Fall,11,4,0,0,0,15,WHITE J
CHEN,433,504,2013,Fall,15,5,0,0,0,20,WHITE J
CHEN,451,500,2013,Fall,10,7,5,1,0,23,LUTKENHAUS J
CHEN,455,500,2013,Fall,43,31,5,0,0,79,MANNAN M
CHEN,461,500,2013,Fall,44,39,6,0,0,89,LAIRD C
CHEN,481,501,2013,Fall,17,1,0,0,0,18,KARIM M
CHEN,481,502,2013,Fall,14,3,0,0,0,17,GLOVER C
CHEN,481,503,2013,Fall,18,2,0,0,0,20,GLOVER C
CHEN,481,504,2013,Fall,20,0,0,0,0,20,HOLSTE J
CHEN,481,505,2013,Fall,13,0,0,0,0,13,HOLSTE J
CHEN,489,501,2013,Fall,3,2,0,0,0,5,NIKOLOV Z
CHEN,489,502,2013,Fall,22,0,0,0,0,22,BALDWIN J
CHEN,601,600,2013,Fall,30,0,0,0,0,30,WHITE J
CHEN,604,600,2013,Fall,19,6,3,0,1,29,WU H
CHEN,623,600,2013,Fall,14,7,0,0,0,21,BALBUENA P
CHEN,629,600,2013,Fall,24,10,2,0,1,37,GLOVER C
CHEN,641,600,2013,Fall,10,5,2,0,0,17,LUTKENHAUS J
CHEN,655,600,2013,Fall,13,1,0,0,0,14,MANNAN M
CHEN,689,600,2013,Fall,13,0,0,0,0,13,AKBULUT M
SENG,310,500,2013,Fall,39,12,2,0,0,53,DEWAN M
SENG,321,500,2013,Fall,12,24,12,2,0,50,MENTZER R
SENG,422,500,2013,Fall,9,0,0,0,0,9,LOYD J
SENG,430,500,2013,Fall,6,6,1,0,0,13,ROGERS W
SENG,455,500,2013,Fall,1,3,1,0,0,5,MANNAN M
SENG,655,600,2013,Fall,11,0,0,0,0,11,MANNAN M
SENG,655,700,2013,Fall,12,0,0,0,0,12,MANNAN M
SENG,670,600,2013,Fall,5,2,2,0,0,9,MENTZER R
SENG,670,700,2013,Fall,5,2,0,0,0,7,MENTZER R
SENG,677,600,2013,Fall,12,1,0,0,0,13,LOYD J
SENG,677,700,2013,Fall,5,2,0,0,0,7,LOYD J
SENG,680,700,2013,Fall,5,0,0,0,0,5,DEWAN M
CVEN,207,501,2013,Fall,42,19,5,0,0,66,MILLER G
CVEN,207,502,2013,Fall,69,22,5,2,3,101,MILLER G
CVEN,207,503,2013,Fall,69,12,3,0,0,84,BRUMBELOW J
CVEN,221,501,2013,Fall,31,30,15,4,1,81,BEASON W
CVEN,221,502,2013,Fall,28,26,20,7,1,82,BRACCI J
CVEN,301,501,2013,Fall,18,17,4,1,1,41,YING Q
CVEN,301,502,2013,Fall,20,23,2,0,0,45,CHU K
CVEN,302,501,2013,Fall,10,22,17,1,0,50,JONES H
CVEN,302,502,2013,Fall,22,19,14,5,0,60,CHANG K
CVEN,303,501,2013,Fall,5,10,3,0,0,18,GHARAIBEH N
CVEN,303,502,2013,Fall,5,12,2,0,0,19,GHARAIBEH N
CVEN,303,503,2013,Fall,8,8,1,0,0,17,GHARAIBEH N
CVEN,303,504,2013,Fall,3,8,5,2,0,18,WOODS C
CVEN,303,505,2013,Fall,6,7,4,0,0,17,WOODS C
CVEN,303,506,2013,Fall,7,8,0,0,0,15,WOODS C
CVEN,303,507,2013,Fall,4,7,3,0,0,14,WOODS C
CVEN,305,501,2013,Fall,23,17,5,0,0,45,BEASON W
CVEN,305,502,2013,Fall,2,10,28,8,4,52,JAMES R
CVEN,305,503,2013,Fall,8,21,13,1,3,46,BAIK J
CVEN,305,504,2013,Fall,14,23,15,6,1,59,WIEGHAUS K
CVEN,305,505,2013,Fall,5,13,10,2,3,33,MULIANA H
CVEN,306,501,2013,Fall,23,29,2,0,0,54,MARTIN A
CVEN,306,502,2013,Fall,13,35,1,0,0,49,LITTLE D
CVEN,307,501,2013,Fall,9,23,3,0,0,35,WANG X
CVEN,307,502,2013,Fall,12,31,7,0,0,50,ZHANG Y
CVEN,311,502,2013,Fall,16,35,17,0,0,68,GAO H
CVEN,311,503,2013,Fall,18,27,18,3,1,67,CHEN H
CVEN,322,501,2013,Fall,7,21,10,2,1,41,LOWERY L
CVEN,322,502,2013,Fall,25,27,14,1,1,68,QUADRIFOGLIO L
CVEN,333,501,2013,Fall,24,4,0,0,0,28,SADATSAFAVI H
CVEN,339,501,2013,Fall,10,14,7,5,1,37,WURBS R
CVEN,339,502,2013,Fall,3,7,3,2,0,15,KANTA L
CVEN,342,501,2013,Fall,9,10,1,0,0,20,SAKHAEI F
CVEN,342,502,2013,Fall,8,8,3,0,0,19,SAKHAEI F
CVEN,342,503,2013,Fall,7,10,2,0,0,19,SAKHAEI F
CVEN,342,504,2013,Fall,6,10,4,0,0,20,SAKHAEI F
CVEN,343,501,2013,Fall,6,9,0,0,0,15,ZOLLINGER D
CVEN,343,502,2013,Fall,10,4,0,0,0,14,ZOLLINGER D
CVEN,345,501,2013,Fall,21,16,17,1,3,58,JONES H
CVEN,345,502,2013,Fall,14,25,18,2,0,59,LOWERY L
CVEN,349,500,2013,Fall,49,37,11,0,0,97,DAMNJANOVIC I
CVEN,363,501,2013,Fall,6,14,18,1,1,40,MORGAN J
CVEN,363,502,2013,Fall,40,17,4,1,0,62,STUBBS N
CVEN,365,501,2013,Fall,6,9,3,0,0,18,SANCHEZ C
CVEN,365,502,2013,Fall,2,9,4,0,0,15,SANCHEZ C
CVEN,365,503,2013,Fall,4,7,2,3,0,16,SANCHEZ C
CVEN,365,504,2013,Fall,10,2,1,1,0,14,MEDINA C
CVEN,365,505,2013,Fall,7,6,1,0,0,14,MEDINA C
CVEN,365,506,2013,Fall,4,1,0,1,0,6,MEDINA C
CVEN,400,501,2013,Fall,8,21,1,0,0,30,ZOLLINGER D
CVEN,400,502,2013,Fall,12,7,0,0,0,19,DIXON K
CVEN,402,500,2013,Fall,5,4,1,1,0,11,BATCHELOR B
CVEN,405,500,2013,Fall,9,18,3,0,0,30,WALEWSKI J
CVEN,406,500,2013,Fall,15,9,0,0,0,24,AUTENRIETH R
CVEN,424,901,2013,Fall,15,11,0,0,0,26,THOMPSON B
CVEN,424,902,2013,Fall,10,7,0,0,0,17,THOMPSON B
CVEN,424,903,2013,Fall,12,3,0,0,0,15,THOMPSON B
CVEN,424,904,2013,Fall,12,11,1,0,0,24,THOMPSON B
CVEN,435,500,2013,Fall,4,3,0,0,0,7,BRIAUD J
CVEN,444,501,2013,Fall,13,20,12,0,1,46,MANDER J
CVEN,444,502,2013,Fall,6,18,13,0,2,39,BIRELY A
CVEN,445,500,2013,Fall,8,11,11,0,1,31,BARROSO L
CVEN,446,501,2013,Fall,30,14,4,0,0,48,FRY G
CVEN,446,502,2013,Fall,7,11,4,3,0,25,KEATING P
CVEN,454,500,2013,Fall,10,12,3,0,0,25,BURRIS M
CVEN,457,500,2013,Fall,4,10,6,0,0,20,HAWKINS G
CVEN,463,500,2013,Fall,35,0,0,0,0,35,CAHILL A
CVEN,473,500,2013,Fall,15,3,0,0,0,18,ANDERSON S
CVEN,483,500,2013,Fall,8,1,0,0,0,9,HUESTE M
CVEN,489,501,2013,Fall,13,0,0,0,0,13,JAMES R
CVEN,601,600,2013,Fall,15,5,0,0,0,20,CHU K
CVEN,617,600,2013,Fall,13,8,0,0,0,21,ZHANG Y
CVEN,619,600,2013,Fall,11,6,2,0,0,19,YING Q
CVEN,620,600,2013,Fall,10,8,0,0,0,18,BATCHELOR B
CVEN,623,600,2013,Fall,8,0,0,0,0,8,LYTTON R
CVEN,624,600,2013,Fall,8,0,0,0,0,8,GHARAIBEH N
CVEN,628,600,2013,Fall,12,5,1,0,0,18,WURBS R
CVEN,633,600,2013,Fall,26,10,0,0,0,36,MORGAN J
CVEN,635,600,2013,Fall,4,5,0,0,0,9,LORD D
CVEN,638,600,2013,Fall,21,0,0,0,0,21,WALEWSKI J
CVEN,647,600,2013,Fall,17,6,0,0,0,23,AUBENY C
CVEN,651,600,2013,Fall,7,5,0,0,0,12,MEDINA C
CVEN,653,600,2013,Fall,5,4,0,0,0,9,EPPS J
CVEN,654,600,2013,Fall,7,12,2,0,0,21,FORD D
CVEN,657,600,2013,Fall,7,24,10,0,0,41,BARROSO L
CVEN,658,600,2013,Fall,17,10,0,0,0,27,OLIVERA F
CVEN,662,600,2013,Fall,9,2,0,0,0,11,HURLEBAUS S
CVEN,663,600,2013,Fall,8,12,0,0,0,20,KEATING P
CVEN,664,600,2013,Fall,23,7,1,0,0,31,BRUMBELOW J
CVEN,666,600,2013,Fall,11,0,0,0,0,11,BRIAUD J
CVEN,668,600,2013,Fall,17,6,1,0,0,24,ANDERSON S
CVEN,671,600,2013,Fall,19,20,0,0,0,39,MANDER J
CVEN,672,600,2013,Fall,16,10,4,1,0,31,WANG X
CVEN,673,600,2013,Fall,19,9,1,0,0,29,SANCHEZ C
CVEN,688,600,2013,Fall,32,9,0,0,0,41,CHEN H
CVEN,689,600,2013,Fall,6,3,0,0,0,9,PARK P
CVEN,765,600,2013,Fall,9,3,2,0,0,14,QUADRIFOGLIO L
OCEN,336,501,2013,Fall,15,1,0,0,0,16,NA B
OCEN,336,502,2013,Fall,9,1,0,0,0,10,NA B
OCEN,400,500,2013,Fall,8,13,5,0,0,26,KAIHATU J
OCEN,401,500,2013,Fall,8,5,6,0,0,19,RANDALL R
OCEN,402,500,2013,Fall,8,11,5,0,0,24,FALZARANO J
OCEN,403,500,2013,Fall,11,12,3,0,0,26,KIM M
OCEN,408,500,2013,Fall,20,3,0,0,0,23,RANDALL R
OCEN,671,600,2013,Fall,15,21,0,0,0,36,ZHANG J
OCEN,675,600,2013,Fall,8,0,0,0,0,8,KAIHATU J
OCEN,678,600,2013,Fall,15,20,0,0,0,35,SOCOLOFSKY S
ENGR,111,202,2013,Fall,33,11,2,0,1,47,RICHARD J
ENGR,111,203,2013,Fall,36,10,2,0,0,48,WHITEACRE M
ENGR,111,204,2013,Fall,25,1,0,0,0,26,EHSANI M
ENGR,111,205,2013,Fall,20,21,5,1,0,47,HOLTZAPPLE M
ENGR,111,206,2013,Fall,10,11,3,0,0,24,HOLTZAPPLE M
ENGR,111,501,2013,Fall,25,49,16,3,1,94,FULLERTON T
ENGR,111,502,2013,Fall,1,2,2,0,0,5,SCHREUDERS P
ENGR,111,503,2013,Fall,27,46,17,6,1,97,WANG Y
ENGR,111,504,2013,Fall,32,34,17,3,4,90,OSTROVSKAYA N
ENGR,111,505,2013,Fall,21,52,19,2,0,94,FULLERTON T
ENGR,111,506,2013,Fall,30,43,20,4,1,98,WANG Y
ENGR,111,507,2013,Fall,32,51,10,2,3,98,MCVAY M
ENGR,111,508,2013,Fall,18,50,18,5,1,92,RICHARD J
ENGR,111,509,2013,Fall,21,51,22,1,0,95,FULLERTON T
ENGR,111,510,2013,Fall,23,3,0,0,0,26,EHSANI M
ENGR,111,511,2013,Fall,21,3,1,0,0,25,EHSANI M
ENGR,111,512,2013,Fall,21,3,0,0,1,25,EHSANI M
ENGR,111,513,2013,Fall,24,2,0,0,0,26,EHSANI M
ENGR,111,514,2013,Fall,22,1,1,0,2,26,EHSANI M
ENGR,111,515,2013,Fall,21,1,2,1,1,26,EHSANI M
ENGR,111,516,2013,Fall,20,4,1,1,0,26,EHSANI M
ENGR,111,517,2013,Fall,23,2,1,0,0,26,EHSANI M
ENGR,111,518,2013,Fall,21,2,2,0,0,25,EHSANI M
ENGR,111,519,2013,Fall,25,2,0,0,0,27,EHSANI M
ENGR,111,520,2013,Fall,42,42,11,0,0,95,MAGGARD J
ENGR,111,522,2013,Fall,12,37,31,8,0,88,CHENG Z
ENGR,111,524,2013,Fall,25,41,25,1,0,92,CAHILL A
ENGR,111,525,2013,Fall,22,3,0,0,1,26,EHSANI M
ENGR,111,526,2013,Fall,19,4,1,0,0,24,EHSANI M
ENGR,111,527,2013,Fall,14,15,5,0,0,34,LIN J
ENGR,111,528,2013,Fall,24,37,20,3,2,86,SCHREUDERS P
ENGR,111,529,2013,Fall,19,32,37,6,3,97,MORENO M
ENGR,111,530,2013,Fall,20,38,29,5,0,92,RICHARD J
ENGR,112,501,2013,Fall,21,23,4,0,0,48,HUTCHINSON R
ENGR,112,502,2013,Fall,22,23,3,0,0,48,HUTCHINSON R
ENGR,112,503,2013,Fall,13,15,5,0,1,34,WHITEACRE M
ENGR,112,504,2013,Fall,2,7,6,5,0,20,DAUGHERITY W
ENGR,112,505,2013,Fall,0,6,8,5,1,20,DAUGHERITY W
ENGR,112,506,2013,Fall,3,13,6,1,0,23,DAUGHERITY W
ENGR,112,507,2013,Fall,7,15,0,0,1,23,DAUGHERITY W
ENGR,112,508,2013,Fall,4,15,1,0,1,21,DAUGHERITY W
ENGR,112,509,2013,Fall,15,29,15,0,2,61,KUO Y
ENGR,270,500,2013,Fall,22,3,0,0,0,25,FURUTA R
ENGR,385,507,2013,Fall,10,0,0,0,0,10,KARSILAYAN A
ENGR,385,512,2013,Fall,2,3,0,0,0,5,FELDMAN R
ENGR,385,513,2013,Fall,21,2,0,0,0,23,CATON J
ENGR,470,500,2013,Fall,14,1,0,0,0,15,FURUTA R
ENGR,482,901,2013,Fall,2,8,2,1,0,13,MADSEN C
ENGR,482,902,2013,Fall,4,7,2,0,0,13,MADSEN C
ENGR,482,903,2013,Fall,5,6,1,0,0,12,MADSEN C
ENGR,482,904,2013,Fall,2,6,3,2,0,13,MADSEN C
ENGR,482,905,2013,Fall,2,6,6,0,0,14,MADSEN C
ENGR,482,906,2013,Fall,5,3,2,1,0,11,MADSEN C
ENGR,482,907,2013,Fall,3,4,4,0,0,11,MADSEN C
ENGR,482,908,2013,Fall,1,6,2,0,0,9,MADSEN C
ENGR,482,909,2013,Fall,5,9,0,0,0,14,MADSEN C
ENGR,482,910,2013,Fall,4,8,0,0,1,13,MADSEN C
ENGR,482,911,2013,Fall,2,4,3,0,0,9,MADSEN C
ENGR,482,912,2013,Fall,4,7,1,0,0,12,MADSEN C
ENGR,482,913,2013,Fall,2,10,2,0,0,14,JAMES R
ENGR,482,914,2013,Fall,1,10,2,0,0,13,JAMES R
ENGR,482,915,2013,Fall,4,7,1,0,0,12,JAMES R
ENGR,482,916,2013,Fall,4,9,1,0,0,14,JAMES R
ENGR,482,917,2013,Fall,3,8,1,0,0,12,JAMES R
ENGR,482,918,2013,Fall,1,9,2,0,0,12,JAMES R
ENGR,482,919,2013,Fall,3,9,1,0,0,13,JAMES R
ENGR,482,920,2013,Fall,3,6,2,0,0,11,JAMES R
ENGR,482,921,2013,Fall,0,12,1,0,0,13,JAMES R
ENGR,482,922,2013,Fall,2,6,3,0,0,11,JAMES R
ENGR,482,923,2013,Fall,6,5,2,0,0,13,JAMES R
ENGR,482,924,2013,Fall,0,10,6,0,0,16,JAMES R
ENGR,482,925,2013,Fall,0,10,6,1,0,17,JAMES R
ENGR,482,970,2013,Fall,0,0,10,1,0,11,JAMES R
ENGR,491,501,2013,Fall,9,0,0,0,0,9,UGAZ V
ENGR,491,503,2013,Fall,15,0,0,0,0,15,MADSEN C
ENGR,491,504,2013,Fall,0,1,4,0,0,5,RANJAN D
ENGR,491,505,2013,Fall,18,0,0,0,0,18,MAITLAND K
ENGR,491,506,2013,Fall,9,0,0,0,0,9,CHIRAYATH S
ENGR,491,507,2013,Fall,13,1,0,0,0,14,CHU K
ENGR,491,508,2013,Fall,5,0,0,0,0,5,RASMUSSEN B
ENGR,491,509,2013,Fall,8,1,0,0,0,9,LIANG H
ENGR,491,512,2013,Fall,8,0,1,0,2,11,HAMMOND T
ENGR,491,516,2013,Fall,12,0,1,0,0,13,HOLTZAPPLE M
CSCE,110,501,2013,Fall,22,12,3,0,0,37,WILLIAMS T
CSCE,110,502,2013,Fall,14,5,5,1,4,29,WILLIAMS T
CSCE,110,503,2013,Fall,15,12,1,1,0,29,WILLIAMS T
CSCE,111,501,2013,Fall,10,15,11,1,0,37,HURLEY J
CSCE,111,502,2013,Fall,8,19,5,3,0,35,HURLEY J
CSCE,111,503,2013,Fall,17,6,8,6,2,39,HURLEY J
CSCE,113,501,2013,Fall,8,11,4,0,0,23,LEYK T
CSCE,113,502,2013,Fall,10,7,1,0,0,18,LEYK T
CSCE,121,200,2013,Fall,14,2,0,0,0,16,WELCH J
CSCE,121,501,2013,Fall,8,4,1,1,0,14,DAUGHERITY W
CSCE,121,502,2013,Fall,10,7,2,4,2,25,DAUGHERITY W
CSCE,121,503,2013,Fall,6,16,1,0,0,23,DAUGHERITY W
CSCE,121,504,2013,Fall,2,9,5,1,0,17,DAUGHERITY W
CSCE,121,505,2013,Fall,4,7,6,0,0,17,DAUGHERITY W
CSCE,121,506,2013,Fall,9,2,7,1,2,21,STROUSTRUP B
CSCE,121,507,2013,Fall,8,10,3,1,1,23,STROUSTRUP B
CSCE,121,508,2013,Fall,7,13,3,1,0,24,STROUSTRUP B
CSCE,121,509,2013,Fall,4,9,3,2,0,18,STROUSTRUP B
CSCE,121,510,2013,Fall,7,5,2,1,2,17,STROUSTRUP B
CSCE,181,500,2013,Fall,115,12,0,0,1,128,IOERGER T
CSCE,206,501,2013,Fall,19,14,5,1,0,39,HURLEY J
CSCE,206,502,2013,Fall,5,17,4,1,0,27,HURLEY J
CSCE,206,503,2013,Fall,8,19,13,0,0,40,HURLEY J
CSCE,206,504,2013,Fall,13,15,9,2,2,41,HURLEY J
CSCE,206,505,2013,Fall,14,13,8,4,0,39,HURLEY J
CSCE,206,506,2013,Fall,11,19,9,2,0,41,HURLEY J
CSCE,221,501,2013,Fall,8,10,1,1,0,20,LEYK T
CSCE,221,502,2013,Fall,7,6,0,4,1,18,LEYK T
CSCE,221,503,2013,Fall,2,4,2,2,0,10,LEYK T
CSCE,221,504,2013,Fall,5,3,1,1,0,10,LEYK T
CSCE,221,505,2013,Fall,10,8,4,4,0,26,LEYK T
CSCE,221,506,2013,Fall,7,7,2,0,0,16,LEYK T
CSCE,222,200,2013,Fall,16,2,0,0,0,18,SZE S
CSCE,222,500,2013,Fall,34,39,20,7,2,102,LEE H
CSCE,312,501,2013,Fall,11,13,8,0,1,33,MAHAPATRA R
CSCE,312,502,2013,Fall,10,11,8,1,4,34,MAHAPATRA R
CSCE,312,503,2013,Fall,7,11,8,4,0,30,MAHAPATRA R
CSCE,313,501,2013,Fall,12,6,6,4,0,28,HASSANZADEH A
CSCE,313,502,2013,Fall,14,5,1,2,0,22,HASSANZADEH A
CSCE,313,503,2013,Fall,14,9,5,1,0,29,HASSANZADEH A
CSCE,313,504,2013,Fall,7,10,3,4,1,25,HASSANZADEH A
CSCE,314,500,2013,Fall,37,44,19,6,1,107,LEE H
CSCE,315,501,2013,Fall,21,4,1,0,3,29,CHOE Y
CSCE,315,502,2013,Fall,23,2,0,0,1,26,CHOE Y
CSCE,315,503,2013,Fall,24,4,1,0,1,30,CHOE Y
CSCE,411,500,2013,Fall,13,24,15,2,1,55,KLAPPENECKER A
CSCE,420,500,2013,Fall,18,12,14,3,0,47,SHELL D
CSCE,434,200,2013,Fall,5,0,0,0,1,6,RAUCHWERGER L
CSCE,434,500,2013,Fall,3,3,0,0,7,13,RAUCHWERGER L
CSCE,435,500,2013,Fall,8,30,13,1,2,54,SARIN V
CSCE,436,500,2013,Fall,25,23,1,1,0,50,HAMMOND T
CSCE,441,500,2013,Fall,6,10,9,10,7,42,SCHAEFER S
CSCE,443,500,2013,Fall,8,6,0,0,0,14,SCHAEFER S
CSCE,443,501,2013,Fall,8,5,2,0,0,15,SALEEM W
CSCE,462,501,2013,Fall,5,13,0,0,0,18,LIU J
CSCE,462,502,2013,Fall,11,6,0,0,0,17,LIU J
CSCE,463,500,2013,Fall,2,3,6,3,3,17,LOGUINOV D
CSCE,464,500,2013,Fall,19,23,4,0,0,46,STOLERU R
CSCE,470,500,2013,Fall,34,22,7,2,1,66,CAVERLEE J
CSCE,481,900,2013,Fall,114,0,0,0,9,123,KEYSER J
CSCE,483,501,2013,Fall,8,2,0,1,0,11,SONG D
CSCE,483,502,2013,Fall,3,3,0,0,0,6,SONG D
CSCE,606,600,2013,Fall,100,1,0,0,1,102,WALKER D
CSCE,608,600,2013,Fall,73,1,0,0,0,74,JIANG A
CSCE,614,600,2013,Fall,24,21,3,0,0,48,KIM E
CSCE,617,601,2013,Fall,4,3,1,0,0,8,MAHAPATRA R
CSCE,625,600,2013,Fall,46,11,1,0,0,58,CHOE Y
CSCE,628,600,2013,Fall,15,1,0,0,0,16,WILLIAMS T
CSCE,629,600,2013,Fall,30,28,0,0,0,58,JIANG A
CSCE,634,600,2013,Fall,33,6,0,0,1,40,SHIPMAN F
CSCE,635,601,2013,Fall,13,8,0,0,0,21,MURPHY R
CSCE,643,600,2013,Fall,9,3,1,0,2,15,SONG D
CSCE,646,600,2013,Fall,11,2,0,0,0,13,AKLEMAN E
CSCE,663,600,2013,Fall,16,8,0,1,0,25,BETTATI R
CSCE,664,600,2013,Fall,3,7,1,0,0,11,STOLERU R
CSCE,665,600,2013,Fall,25,3,0,0,0,28,GU G
CSCE,680,600,2013,Fall,24,4,0,0,0,28,WALKER D
CSCE,689,600,2013,Fall,9,2,0,0,0,11,SARIN V
CSCE,689,601,2013,Fall,9,2,0,0,0,11,JIMENEZ D
CSCE,689,602,2013,Fall,13,1,0,0,0,14,NIKOLOVA E
ECEN,214,501,2013,Fall,4,5,2,1,0,12,HAN A
ECEN,214,502,2013,Fall,2,7,5,1,0,15,HAN A
ECEN,214,503,2013,Fall,1,3,5,2,0,11,HAN A
ECEN,214,504,2013,Fall,4,5,3,0,0,12,MILLER S
ECEN,214,505,2013,Fall,4,3,5,1,0,13,MILLER S
ECEN,214,506,2013,Fall,2,2,3,3,0,10,MILLER S
ECEN,214,507,2013,Fall,7,5,3,0,0,15,SU C
ECEN,214,508,2013,Fall,5,3,4,0,0,12,SU C
ECEN,214,509,2013,Fall,7,5,3,1,0,16,SU C
ECEN,215,501,2013,Fall,0,9,5,1,0,15,TYLER J
ECEN,215,502,2013,Fall,2,9,4,0,0,15,TYLER J
ECEN,215,503,2013,Fall,9,4,2,0,0,15,TYLER J
ECEN,215,504,2013,Fall,2,7,5,1,0,15,TYLER J
ECEN,215,505,2013,Fall,2,8,5,0,0,15,TYLER J
ECEN,215,506,2013,Fall,4,8,1,1,0,14,RAHIMIAN M
ECEN,215,507,2013,Fall,3,9,4,0,0,16,RAHIMIAN M
ECEN,215,508,2013,Fall,5,6,3,1,0,15,RAHIMIAN M
ECEN,215,509,2013,Fall,2,4,5,4,1,16,RAHIMIAN M
ECEN,215,510,2013,Fall,7,5,3,0,0,15,RAHIMIAN M
ECEN,215,511,2013,Fall,3,2,2,0,0,7,STYBLINSKI B
ECEN,215,513,2013,Fall,2,1,4,0,0,7,STYBLINSKI B
ECEN,215,515,2013,Fall,6,3,1,0,1,11,STYBLINSKI B
ECEN,215,516,2013,Fall,3,4,1,0,2,10,STYBLINSKI B
ECEN,215,517,2013,Fall,3,3,6,0,0,12,STYBLINSKI B
ECEN,215,518,2013,Fall,2,1,7,1,0,11,STYBLINSKI B
ECEN,215,519,2013,Fall,2,1,2,0,0,5,STYBLINSKI B
ECEN,215,521,2013,Fall,3,1,0,1,0,5,STYBLINSKI B
ECEN,215,524,2013,Fall,2,8,3,0,0,13,TYLER J
ECEN,215,525,2013,Fall,1,12,2,0,0,15,TYLER J
ECEN,215,526,2013,Fall,3,4,7,0,0,14,TYLER J
ECEN,215,527,2013,Fall,2,4,7,1,0,14,TYLER J
ECEN,215,528,2013,Fall,1,4,6,1,0,12,TYLER J
ECEN,215,529,2013,Fall,7,3,4,0,0,14,RAHIMIAN M
ECEN,215,530,2013,Fall,4,7,2,1,0,14,RAHIMIAN M
ECEN,215,531,2013,Fall,7,5,2,0,0,14,RAHIMIAN M
ECEN,215,532,2013,Fall,6,8,1,0,0,15,RAHIMIAN M
ECEN,215,533,2013,Fall,2,10,4,0,0,16,RAHIMIAN M
ECEN,248,200,2013,Fall,10,1,0,0,0,11,HU J
ECEN,248,501,2013,Fall,7,6,3,0,0,16,HU J
ECEN,248,502,2013,Fall,1,7,7,0,0,15,HU J
ECEN,248,503,2013,Fall,5,7,4,0,0,16,HU J
ECEN,248,504,2013,Fall,0,6,0,1,0,7,HOU I
ECEN,248,505,2013,Fall,3,4,6,1,0,14,HOU I
ECEN,248,506,2013,Fall,8,5,2,0,0,15,HOU I
ECEN,248,507,2013,Fall,5,7,2,1,0,15,RAHIMIAN M
ECEN,248,508,2013,Fall,6,7,2,1,0,16,RAHIMIAN M
ECEN,248,509,2013,Fall,6,3,4,1,0,14,RAHIMIAN M
ECEN,248,510,2013,Fall,6,6,0,0,0,12,TYLER J
ECEN,248,511,2013,Fall,5,7,1,0,0,13,TYLER J
ECEN,248,512,2013,Fall,4,9,1,1,0,15,TYLER J
ECEN,303,501,2013,Fall,16,11,18,3,0,48,QIAN X
ECEN,314,501,2013,Fall,39,16,4,0,0,59,LIU T
ECEN,314,502,2013,Fall,7,24,16,0,0,47,BRAGA N
ECEN,314,503,2013,Fall,25,15,4,0,0,44,LIU T
ECEN,322,501,2013,Fall,7,8,23,5,5,48,NEVELS R
ECEN,322,502,2013,Fall,7,21,24,10,2,64,MICHALSKI K
ECEN,325,501,2013,Fall,5,2,4,2,1,14,KARSILAYAN A
ECEN,325,502,2013,Fall,3,3,4,0,1,11,KARSILAYAN A
ECEN,325,503,2013,Fall,5,8,3,0,0,16,KARSILAYAN A
ECEN,325,507,2013,Fall,12,4,0,0,0,16,HOYOS S
ECEN,325,508,2013,Fall,9,7,0,0,0,16,HOYOS S
ECEN,325,509,2013,Fall,6,6,3,0,0,15,HOYOS S
ECEN,325,510,2013,Fall,7,8,1,0,0,16,HOYOS S
ECEN,325,511,2013,Fall,0,4,4,0,0,8,KARSILAYAN A
ECEN,350,501,2013,Fall,7,4,3,0,0,14,GRATZ P
ECEN,350,502,2013,Fall,6,4,3,2,1,16,GRATZ P
ECEN,350,503,2013,Fall,6,7,3,0,0,16,GRATZ P
ECEN,350,504,2013,Fall,7,7,1,0,0,15,GRATZ P
ECEN,350,505,2013,Fall,6,3,3,1,1,14,GRATZ P
ECEN,350,506,2013,Fall,4,8,2,1,0,15,GRATZ P
ECEN,350,507,2013,Fall,8,5,3,0,0,16,GRATZ P
ECEN,370,501,2013,Fall,10,9,14,2,2,37,EKNOYAN O
ECEN,370,502,2013,Fall,8,26,7,1,1,43,ZOU J
ECEN,403,901,2013,Fall,23,7,2,0,0,32,VILLAREAL S
ECEN,403,902,2013,Fall,20,8,3,0,0,31,VILLAREAL S
ECEN,403,903,2013,Fall,26,11,1,0,0,38,VILLAREAL S
ECEN,404,501,2013,Fall,6,5,1,2,0,14,VILLAREAL S
ECEN,404,502,2013,Fall,16,12,7,2,0,37,VILLAREAL S
ECEN,410,500,2013,Fall,20,29,9,0,1,59,JI J
ECEN,420,200,2013,Fall,5,0,0,0,0,5,BHATTACHARYYA S
ECEN,420,501,2013,Fall,31,16,7,2,0,56,BHATTACHARYYA S
ECEN,438,501,2013,Fall,9,3,0,0,0,12,BALOG R
ECEN,438,502,2013,Fall,5,7,0,0,0,12,BALOG R
ECEN,438,503,2013,Fall,8,4,0,0,0,12,BALOG R
ECEN,438,504,2013,Fall,10,0,0,0,1,11,BALOG R
ECEN,438,505,2013,Fall,12,0,0,0,0,12,BALOG R
ECEN,438,506,2013,Fall,10,2,0,0,0,12,BALOG R
ECEN,438,507,2013,Fall,9,3,0,0,0,12,BALOG R
ECEN,438,508,2013,Fall,9,2,0,0,0,11,BALOG R
ECEN,438,509,2013,Fall,9,3,0,0,0,12,BALOG R
ECEN,444,501,2013,Fall,5,14,11,2,4,36,XIONG Z
ECEN,447,500,2013,Fall,18,17,10,1,0,46,RIGHETTI R
ECEN,449,501,2013,Fall,3,4,2,0,1,10,KHATRI S
ECEN,449,502,2013,Fall,1,8,4,1,1,15,KHATRI S
ECEN,449,503,2013,Fall,2,5,5,0,0,12,KHATRI S
ECEN,449,504,2013,Fall,4,6,0,3,0,13,KHATRI S
ECEN,451,500,2013,Fall,8,10,8,5,1,32,WRIGHT S
ECEN,454,501,2013,Fall,7,6,3,0,0,16,LI P
ECEN,454,502,2013,Fall,6,6,4,0,0,16,LI P
ECEN,454,503,2013,Fall,2,8,5,0,0,15,LI P
ECEN,454,504,2013,Fall,4,6,3,1,0,14,LI P
ECEN,455,500,2013,Fall,16,19,7,2,0,44,NARAYANAN K
ECEN,460,501,2013,Fall,4,8,0,0,0,12,HUANG G
ECEN,460,502,2013,Fall,4,5,3,0,0,12,HUANG G
ECEN,460,503,2013,Fall,6,0,5,0,0,11,HUANG G
ECEN,460,504,2013,Fall,2,7,3,0,0,12,HUANG G
ECEN,460,505,2013,Fall,3,5,4,0,0,12,HUANG G
ECEN,465,501,2013,Fall,6,0,0,0,0,6,HEMMER P
ECEN,473,500,2013,Fall,14,8,6,1,0,29,SU C
ECEN,474,501,2013,Fall,5,8,1,0,0,14,KARSILAYAN A
ECEN,474,502,2013,Fall,5,8,2,0,0,15,KARSILAYAN A
ECEN,474,503,2013,Fall,6,7,3,0,0,16,KARSILAYAN A
ECEN,474,504,2013,Fall,6,4,1,1,0,12,KARSILAYAN A
ECEN,480,500,2013,Fall,16,10,4,0,0,30,CHANG K
ECEN,485,558,2013,Fall,6,0,0,0,0,6,ENJETI P
ECEN,489,502,2013,Fall,4,1,0,0,0,5,MADSEN C
ECEN,600,601,2013,Fall,7,0,0,0,0,7,HEMMER P
ECEN,601,600,2013,Fall,19,19,1,0,0,39,SERPEDIN E
ECEN,602,600,2013,Fall,29,34,1,0,0,64,ANNAPAREDDY N
ECEN,604,600,2013,Fall,8,10,1,0,0,19,PFISTER H
ECEN,605,600,2013,Fall,35,1,0,0,0,36,BHATTACHARYYA S
ECEN,608,600,2013,Fall,5,10,1,0,0,16,DATTA A
ECEN,609,600,2013,Fall,12,7,2,0,0,21,DATTA A
ECEN,613,600,2013,Fall,18,15,0,0,0,33,ENJETI P
ECEN,615,600,2013,Fall,8,10,0,0,0,18,HUANG G
ECEN,620,600,2013,Fall,22,9,0,0,0,31,PALERMO S
ECEN,621,600,2013,Fall,36,9,0,0,0,45,ZHANG X
ECEN,632,600,2013,Fall,18,6,0,0,0,24,TOLIYAT H
ECEN,635,600,2013,Fall,3,6,0,0,0,9,MICHALSKI K
ECEN,646,600,2013,Fall,11,16,1,0,0,28,SAVARI S
ECEN,651,600,2013,Fall,24,6,0,0,1,31,LU M
ECEN,653,600,2013,Fall,28,2,0,0,0,30,LU M
ECEN,654,600,2013,Fall,6,2,1,0,0,9,CHOI S
ECEN,658,600,2013,Fall,23,0,0,0,0,23,KISH L
ECEN,664,600,2013,Fall,26,5,0,0,0,31,KAMEOKA J
ECEN,665,600,2013,Fall,16,9,1,0,0,26,ENTESARI K
ECEN,680,600,2013,Fall,15,10,0,0,0,25,WALKER D
ECEN,689,603,2013,Fall,2,3,0,0,0,5,MADSEN C
ECEN,689,604,2013,Fall,41,6,0,0,0,47,KUMAR P
ECEN,689,605,2013,Fall,4,1,0,0,0,5,NEVELS R
ECEN,760,601,2013,Fall,32,7,1,0,0,40,YOON B
ECEN,771,600,2013,Fall,13,0,0,0,0,13,KISH L
ECEN,772,600,2013,Fall,13,5,0,0,0,18,ZOU J
ENDG,105,502,2013,Fall,8,13,11,5,0,37,DORRIBO C
ENDG,105,503,2013,Fall,12,15,10,1,1,39,DORRIBO C
ENDG,407,501,2013,Fall,18,17,3,0,0,38,OTEY J
ENDG,408,501,2013,Fall,23,11,3,0,0,37,HUTCHINSON R
ENTC,151,501,2013,Fall,14,0,0,0,0,14,ZOGHI B
ENTC,151,502,2013,Fall,15,0,0,0,0,15,ZOGHI B
ENTC,181,501,2013,Fall,1,3,6,3,1,14,HUNG N
ENTC,181,502,2013,Fall,2,6,6,0,1,15,HUNG N
ENTC,181,503,2013,Fall,5,6,4,1,0,16,HUNG N
ENTC,181,504,2013,Fall,4,10,1,1,0,16,HUNG N
ENTC,181,505,2013,Fall,4,6,5,1,0,16,HUNG N
ENTC,181,506,2013,Fall,3,6,6,0,0,15,HUNG N
ENTC,181,507,2013,Fall,9,1,6,0,0,16,HUNG N
ENTC,181,508,2013,Fall,5,4,2,1,0,12,HUNG N
ENTC,181,509,2013,Fall,0,5,9,1,0,15,HUNG N
ENTC,181,510,2013,Fall,3,6,6,0,0,15,HUNG N
ENTC,181,511,2013,Fall,1,6,6,1,2,16,HUNG N
ENTC,181,512,2013,Fall,1,3,9,2,1,16,HUNG N
ENTC,181,513,2013,Fall,3,5,4,3,0,15,HUNG N
ENTC,181,514,2013,Fall,1,6,7,2,0,16,HUNG N
ENTC,181,515,2013,Fall,0,4,7,2,0,13,HUNG N
ENTC,206,501,2013,Fall,3,10,2,1,0,16,FANG G
ENTC,206,502,2013,Fall,3,6,3,3,0,15,FANG G
ENTC,206,503,2013,Fall,4,8,2,2,0,16,FANG G
ENTC,206,504,2013,Fall,2,11,2,1,0,16,FANG G
ENTC,206,505,2013,Fall,4,7,4,0,0,15,FANG G
ENTC,206,506,2013,Fall,6,7,3,0,0,16,FANG G
ENTC,206,507,2013,Fall,2,8,5,1,0,16,FANG G
ENTC,206,508,2013,Fall,2,8,5,1,0,16,FANG G
ENTC,207,501,2013,Fall,4,6,3,1,0,14,PRICE A
ENTC,207,502,2013,Fall,0,7,9,0,0,16,PRICE A
ENTC,207,503,2013,Fall,1,9,5,1,0,16,PRICE A
ENTC,207,504,2013,Fall,1,8,3,1,1,14,PRICE A
ENTC,207,505,2013,Fall,4,2,9,0,0,15,PRICE A
ENTC,207,506,2013,Fall,2,4,9,0,0,15,PRICE A
ENTC,207,507,2013,Fall,2,8,5,0,0,15,PRICE A
ENTC,207,508,2013,Fall,2,6,7,0,0,15,PRICE A
ENTC,210,501,2013,Fall,6,6,2,1,0,15,KARIMI R
ENTC,210,502,2013,Fall,1,4,6,2,0,13,KARIMI R
ENTC,211,501,2013,Fall,8,7,3,0,0,18,ZHAN W
ENTC,219,502,2013,Fall,3,5,5,3,1,17,MORGAN J
ENTC,219,503,2013,Fall,0,8,4,2,3,17,MORGAN J
ENTC,269,501,2013,Fall,4,7,0,0,0,11,BURKE A
ENTC,269,502,2013,Fall,2,7,2,0,0,11,BURKE A
ENTC,275,500,2013,Fall,15,30,8,3,0,56,KUTTOLAMADOM M
ENTC,281,501,2013,Fall,0,8,6,0,2,16,MCDANIELS L
ENTC,281,502,2013,Fall,0,10,5,0,0,15,MCDANIELS L
ENTC,281,503,2013,Fall,0,8,7,1,0,16,MCDANIELS L
ENTC,303,501,2013,Fall,5,9,1,0,0,15,ALVARADO J
ENTC,303,502,2013,Fall,2,7,5,0,1,15,ALVARADO J
ENTC,303,503,2013,Fall,6,5,5,0,0,16,ALVARADO J
ENTC,313,501,2013,Fall,3,9,0,2,1,15,PRICE A
ENTC,315,501,2013,Fall,1,6,3,0,0,10,GOULART A
ENTC,315,502,2013,Fall,0,6,4,0,0,10,GOULART A
ENTC,320,501,2013,Fall,2,9,4,0,0,15,MCDANIELS L
ENTC,320,502,2013,Fall,4,5,1,0,0,10,MCDANIELS L
ENTC,320,503,2013,Fall,2,10,3,0,0,15,MCDANIELS L
ENTC,329,501,2013,Fall,2,7,2,1,0,12,ZHAN W
ENTC,329,502,2013,Fall,4,5,1,0,0,10,ZHAN W
ENTC,333,501,2013,Fall,9,3,0,0,0,12,LEONARD M
ENTC,333,502,2013,Fall,7,4,1,0,0,12,LEONARD M
ENTC,349,501,2013,Fall,6,8,0,0,0,14,SUN G
ENTC,349,502,2013,Fall,4,10,0,2,0,16,SUN G
ENTC,350,501,2013,Fall,3,10,1,1,1,16,RASHIDI N
ENTC,350,502,2013,Fall,0,4,4,1,1,10,RASHIDI N
ENTC,352,501,2013,Fall,6,6,1,0,0,13,FINK R
ENTC,352,502,2013,Fall,5,5,1,0,0,11,FINK R
ENTC,359,501,2013,Fall,3,7,1,0,0,11,PORTER J
ENTC,359,502,2013,Fall,1,9,1,0,0,11,PORTER J
ENTC,361,501,2013,Fall,1,10,3,1,0,15,JOHNSON M
ENTC,361,502,2013,Fall,3,7,5,0,0,15,JOHNSON M
ENTC,361,503,2013,Fall,0,11,2,0,0,13,JOHNSON M
ENTC,363,500,2013,Fall,8,23,14,1,0,46,WANG J
ENTC,369,501,2013,Fall,4,12,0,0,0,16,SUN G
ENTC,369,502,2013,Fall,7,7,4,0,0,18,SUN G
ENTC,370,501,2013,Fall,4,5,2,0,0,11,ALVARADO J
ENTC,370,502,2013,Fall,5,9,1,1,0,16,ALVARADO J
ENTC,370,503,2013,Fall,4,8,2,1,1,16,ALVARADO J
ENTC,376,501,2013,Fall,2,4,7,1,1,15,WANG J
ENTC,376,502,2013,Fall,0,4,6,3,1,14,WANG J
ENTC,376,503,2013,Fall,2,3,7,1,0,13,WANG J
ENTC,376,504,2013,Fall,0,3,4,2,0,9,WANG J
ENTC,380,501,2013,Fall,3,9,3,0,0,15,MCDANIELS L
ENTC,380,502,2013,Fall,5,6,4,0,0,15,MCDANIELS L
ENTC,380,503,2013,Fall,3,9,3,0,1,16,MCDANIELS L
ENTC,383,501,2013,Fall,2,6,5,0,0,13,HSIEH S
ENTC,383,502,2013,Fall,4,7,2,0,0,13,HSIEH S
ENTC,383,503,2013,Fall,2,9,2,0,0,13,HSIEH S
ENTC,402,501,2013,Fall,7,3,0,0,0,10,FANG G
ENTC,402,502,2013,Fall,4,5,2,0,0,11,FANG G
ENTC,402,503,2013,Fall,6,3,1,0,0,10,FANG G
ENTC,410,501,2013,Fall,3,6,2,0,0,11,HSIEH S
ENTC,410,502,2013,Fall,4,7,2,0,0,13,HSIEH S
ENTC,410,503,2013,Fall,0,11,2,0,0,13,HSIEH S
ENTC,412,501,2013,Fall,4,6,2,0,0,12,LEON V
ENTC,412,502,2013,Fall,3,4,5,0,0,12,LEON V
ENTC,412,503,2013,Fall,1,6,3,0,0,10,LEON V
ENTC,419,900,2013,Fall,4,10,6,0,0,20,MORGAN J
ENTC,420,500,2013,Fall,15,0,1,0,3,19,MORGAN J
ENTC,422,900,2013,Fall,18,6,0,0,0,24,JOHNSON M
ENTC,429,500,2013,Fall,27,17,0,0,0,44,MCDANIELS L
ENTC,452,501,2013,Fall,4,4,2,0,0,10,FINK R
ENTC,452,502,2013,Fall,3,4,1,0,0,8,FINK R
ENTC,455,501,2013,Fall,4,3,7,2,0,16,GOULART A
ENTC,462,501,2013,Fall,1,2,7,0,0,10,ZOGHI B
ENTC,462,502,2013,Fall,2,6,2,0,0,10,ZOGHI B
ENTC,463,500,2013,Fall,14,11,6,1,0,32,KUTTOLAMADOM M
ENTC,489,501,2013,Fall,6,6,5,1,0,18,PORTER J
IDIS,240,501,2013,Fall,41,22,4,0,0,67,VESTAL E
IDIS,240,502,2013,Fall,46,20,2,0,0,68,VESTAL E
IDIS,300,501,2013,Fall,4,7,7,0,0,18,LORENZO R
IDIS,300,502,2013,Fall,5,7,7,0,0,19,LORENZO R
IDIS,300,503,2013,Fall,7,8,3,0,0,18,LORENZO R
IDIS,300,504,2013,Fall,5,6,5,0,0,16,LORENZO R
IDIS,300,505,2013,Fall,2,10,3,0,0,15,LORENZO R
IDIS,300,506,2013,Fall,5,11,1,0,0,17,LORENZO R
IDIS,303,901,2013,Fall,0,9,6,0,0,15,GOLLA M
IDIS,303,902,2013,Fall,0,7,6,1,0,14,GOLLA M
IDIS,303,903,2013,Fall,0,3,3,1,0,7,GOLLA M
IDIS,303,904,2013,Fall,1,9,4,0,0,14,GOLLA M
IDIS,303,905,2013,Fall,2,9,3,1,0,15,GOLLA M
IDIS,303,906,2013,Fall,0,12,2,0,0,14,GOLLA M
IDIS,330,930,2013,Fall,49,6,0,0,0,55,CLARK N
IDIS,330,931,2013,Fall,46,9,0,0,0,55,CLARK N
IDIS,340,501,2013,Fall,44,7,0,0,0,51,VESTAL E
IDIS,340,502,2013,Fall,40,10,0,0,1,51,VESTAL E
IDIS,343,501,2013,Fall,18,13,12,4,0,47,RANA K
IDIS,343,502,2013,Fall,16,8,14,3,0,41,RANA K
IDIS,344,501,2013,Fall,9,14,9,0,1,33,VANAJAKUMARI M
IDIS,344,502,2013,Fall,13,25,11,0,0,49,VANAJAKUMARI M
IDIS,400,502,2013,Fall,7,8,3,0,0,18,LORENZO R
IDIS,400,503,2013,Fall,6,8,3,0,0,17,LORENZO R
IDIS,400,505,2013,Fall,4,8,4,0,0,16,LORENZO R
IDIS,400,506,2013,Fall,7,7,1,0,0,15,LORENZO R
IDIS,403,901,2013,Fall,0,11,6,0,0,17,GOLLA M
IDIS,403,902,2013,Fall,0,7,9,0,0,16,GOLLA M
IDIS,403,903,2013,Fall,1,11,5,0,0,17,GOLLA M
IDIS,403,904,2013,Fall,2,10,5,0,0,17,GOLLA M
IDIS,403,905,2013,Fall,0,9,8,0,0,17,GOLLA M
IDIS,403,906,2013,Fall,1,9,6,0,0,16,GOLLA M
IDIS,424,501,2013,Fall,14,17,13,1,0,45,RANA K
IDIS,424,502,2013,Fall,7,22,17,1,0,47,RANA K
IDIS,434,501,2013,Fall,12,19,11,1,1,44,NEPAL B
IDIS,434,502,2013,Fall,16,27,7,0,0,50,NEPAL B
IDIS,444,501,2013,Fall,49,1,0,0,0,50,CLARK N
IDIS,444,502,2013,Fall,43,4,1,0,0,48,CLARK N
IDIS,464,501,2013,Fall,20,21,10,0,0,51,JOHNSON J
IDIS,464,502,2013,Fall,10,21,12,0,0,43,JOHNSON J
IDIS,489,500,2013,Fall,31,36,3,0,0,70,NEPAL B
IDIS,489,501,2013,Fall,11,36,5,0,0,52,VANAJAKUMARI M
IDIS,611,700,2013,Fall,39,0,0,0,0,39,JENNINGS D
IDIS,611,720,2013,Fall,18,0,0,0,0,18,JENNINGS D
IDIS,614,700,2013,Fall,31,5,1,1,1,39,CAPAR I
IDIS,614,720,2013,Fall,16,0,0,0,0,16,CAPAR I
IDIS,621,700,2013,Fall,15,11,0,0,0,26,NEPAL B
IDIS,621,720,2013,Fall,5,5,0,0,0,10,VANAJAKUMARI M
IDIS,624,700,2013,Fall,32,4,0,0,2,38,NATARAJARATHINAM M
IDIS,624,720,2013,Fall,15,1,0,0,0,16,NATARAJARATHINAM M
IDIS,655,700,2013,Fall,24,2,0,0,0,26,LAWRENCE F
IDIS,655,720,2013,Fall,10,0,0,0,0,10,LAWRENCE F
IDIS,664,700,2013,Fall,16,8,1,0,0,25,JENNINGS D
IDIS,664,720,2013,Fall,7,1,2,0,0,10,JENNINGS D
ISEN,101,500,2013,Fall,56,15,5,1,3,80,VAZQUEZ J
ISEN,302,501,2013,Fall,37,15,5,0,0,57,WANG Y
ISEN,302,502,2013,Fall,29,19,4,3,0,55,HWANG S
ISEN,302,503,2013,Fall,22,23,14,0,0,59,LI A
ISEN,302,504,2013,Fall,47,11,6,1,1,66,SUNG J
ISEN,302,505,2013,Fall,2,3,0,0,0,5,WEI B
ISEN,314,501,2013,Fall,9,11,20,2,2,44,BENNETT G
ISEN,314,502,2013,Fall,7,14,24,2,1,48,BENNETT G
ISEN,315,501,2013,Fall,4,10,5,2,0,21,KIANFAR K
ISEN,315,502,2013,Fall,15,12,5,0,0,32,ELWANY A
ISEN,316,501,2013,Fall,8,25,12,4,3,52,WORTMAN M
ISEN,316,502,2013,Fall,9,16,6,1,1,33,WORTMAN M
ISEN,411,500,2013,Fall,26,33,3,0,0,62,SMITH D
ISEN,411,502,2013,Fall,9,18,5,0,0,32,AVNET M
ISEN,414,500,2013,Fall,10,12,4,0,0,26,POURHABIB A
ISEN,416,901,2013,Fall,21,24,8,1,0,54,USTER H
ISEN,416,902,2013,Fall,8,16,6,0,0,30,USTER H
ISEN,420,501,2013,Fall,4,7,5,1,1,18,MORENO C
ISEN,420,502,2013,Fall,11,19,10,0,0,40,MORENO C
ISEN,424,901,2013,Fall,6,13,5,2,1,27,BANERJEE A
ISEN,424,902,2013,Fall,3,16,16,0,0,35,BANERJEE A
ISEN,459,501,2013,Fall,56,0,0,0,0,56,KLUTKE G
ISEN,459,502,2013,Fall,22,1,0,0,0,23,KLUTKE G
ISEN,489,501,2013,Fall,10,12,10,0,2,34,PHILLIPS D
ISEN,615,600,2013,Fall,4,21,1,0,0,26,CETINKAYA S
ISEN,616,601,2013,Fall,14,22,4,0,0,40,DING Y
ISEN,620,601,2013,Fall,13,19,12,1,0,45,CURRY G
ISEN,620,602,2013,Fall,5,14,5,3,0,27,CURRY G
ISEN,620,700,2013,Fall,0,2,2,1,0,5,CURRY G
ISEN,621,600,2013,Fall,19,6,0,0,0,25,BUTENKO S
ISEN,622,600,2013,Fall,6,6,1,1,0,14,KIANFAR K
ISEN,625,600,2013,Fall,22,7,1,0,0,30,FELDMAN R
ISEN,640,600,2013,Fall,11,8,1,0,0,20,NTAIMO L
ISEN,640,700,2013,Fall,0,5,0,0,1,6,NTAIMO L
ISEN,667,600,2013,Fall,20,10,1,0,0,31,SMITH D
ISEN,667,700,2013,Fall,3,2,0,0,0,5,SMITH D
ISEN,689,600,2013,Fall,17,8,1,0,0,26,FERRIS T
ISEN,689,700,2013,Fall,3,2,0,0,0,5,FERRIS T
MSEN,601,600,2013,Fall,17,9,5,0,0,31,BENZERGA A
MSEN,604,600,2013,Fall,7,8,2,0,0,17,NAUGLE D
MSEN,607,601,2013,Fall,2,3,0,0,0,5,GRUNLAN J
MSEN,616,600,2013,Fall,3,5,0,0,0,8,LIANG H
MSEN,640,600,2013,Fall,5,5,0,0,0,10,ARROYAVE R
MEEN,221,501,2013,Fall,15,41,34,14,5,109,MCVAY M
MEEN,221,502,2013,Fall,25,35,26,8,7,101,SCHNEIDER W
MEEN,221,503,2013,Fall,12,50,31,12,4,109,KIM Y
MEEN,221,504,2013,Fall,13,31,29,10,4,87,MCVAY M
MEEN,221,505,2013,Fall,16,36,39,12,2,105,BAXEVANIS T
MEEN,222,501,2013,Fall,40,32,10,2,1,85,YU K
MEEN,222,502,2013,Fall,39,23,11,2,2,77,CREASY T
MEEN,222,503,2013,Fall,58,24,11,2,2,97,MA J
MEEN,222,505,2013,Fall,16,38,17,1,2,74,MONROE J
MEEN,260,501,2013,Fall,11,9,1,1,0,22,BITTLE J
MEEN,260,502,2013,Fall,11,9,1,0,0,21,BITTLE J
MEEN,260,503,2013,Fall,9,8,1,0,0,18,BITTLE J
MEEN,260,504,2013,Fall,8,11,1,0,0,20,BITTLE J
MEEN,260,505,2013,Fall,8,11,2,0,0,21,BITTLE J
MEEN,260,506,2013,Fall,11,9,1,0,0,21,BITTLE J
MEEN,260,507,2013,Fall,4,7,1,0,0,12,BITTLE J
MEEN,315,501,2013,Fall,6,20,21,9,4,60,YU C
MEEN,315,502,2013,Fall,2,10,29,13,5,59,STRZELEC A
MEEN,315,503,2013,Fall,8,28,32,16,3,87,JACOBS T
MEEN,344,501,2013,Fall,20,53,30,1,7,111,MORRISON G
MEEN,344,502,2013,Fall,20,34,33,12,0,99,BANERJEE D
MEEN,345,501,2013,Fall,15,0,0,0,0,15,MORRISON G
MEEN,345,502,2013,Fall,18,0,0,0,0,18,MORRISON G
MEEN,345,503,2013,Fall,18,0,0,0,0,18,MORRISON G
MEEN,345,504,2013,Fall,17,0,0,0,0,17,MORRISON G
MEEN,345,505,2013,Fall,18,0,0,0,0,18,MORRISON G
MEEN,345,506,2013,Fall,18,0,0,0,0,18,MORRISON G
MEEN,345,507,2013,Fall,18,0,0,0,0,18,MORRISON G
MEEN,345,508,2013,Fall,5,0,0,0,0,5,MORRISON G
MEEN,357,501,2013,Fall,37,44,9,0,0,90,DUGGLEBY A
MEEN,357,502,2013,Fall,58,30,6,0,0,94,DUGGLEBY A
MEEN,360,901,2013,Fall,31,80,25,3,0,139,HARTWIG K
MEEN,361,501,2013,Fall,17,4,0,0,0,21,KAYNAK M
MEEN,361,502,2013,Fall,18,1,1,0,0,20,KAYNAK M
MEEN,361,503,2013,Fall,18,1,0,0,0,19,KAYNAK M
MEEN,361,504,2013,Fall,11,10,0,1,0,22,KAYNAK M
MEEN,361,505,2013,Fall,14,6,0,0,0,20,KAYNAK M
MEEN,361,506,2013,Fall,11,10,1,0,0,22,KAYNAK M
MEEN,361,507,2013,Fall,5,5,0,0,0,10,KAYNAK M
MEEN,363,501,2013,Fall,33,57,8,1,0,99,CHILDS D
MEEN,363,502,2013,Fall,3,40,36,6,1,86,SANANDRES L
MEEN,364,501,2013,Fall,4,7,7,0,0,18,RATHINAM S
MEEN,364,502,2013,Fall,3,8,6,0,1,18,RATHINAM S
MEEN,364,503,2013,Fall,2,3,12,0,0,17,RATHINAM S
MEEN,364,504,2013,Fall,5,7,4,1,0,17,NAGARAJAN H
MEEN,364,505,2013,Fall,4,6,2,1,1,14,NAGARAJAN H
MEEN,368,501,2013,Fall,5,11,14,6,1,37,SUH C
MEEN,368,502,2013,Fall,23,26,17,3,1,70,HOGAN H
MEEN,381,501,2013,Fall,17,0,0,0,0,17,HOGAN H
MEEN,381,502,2013,Fall,18,0,0,0,0,18,HOGAN H
MEEN,381,503,2013,Fall,18,0,0,0,0,18,HOGAN H
MEEN,381,504,2013,Fall,18,0,0,0,0,18,HOGAN H
MEEN,381,505,2013,Fall,14,1,0,0,0,15,HOGAN H
MEEN,381,506,2013,Fall,14,2,0,0,0,16,HOGAN H
MEEN,402,501,2013,Fall,19,3,0,0,0,22,SCHNEIDER W
MEEN,402,502,2013,Fall,8,5,0,0,0,13,SCHNEIDER W
MEEN,402,503,2013,Fall,11,3,0,0,0,14,SCHNEIDER W
MEEN,402,504,2013,Fall,12,2,1,0,0,15,SCHNEIDER W
MEEN,404,501,2013,Fall,6,13,3,0,0,22,LALK T
MEEN,404,502,2013,Fall,7,17,0,0,0,24,LALK T
MEEN,404,503,2013,Fall,2,19,0,0,0,21,LALK T
MEEN,404,504,2013,Fall,7,15,2,0,0,24,LALK T
MEEN,404,505,2013,Fall,12,9,2,1,0,24,LALK T
MEEN,404,506,2013,Fall,12,12,0,0,0,24,LALK T
MEEN,408,500,2013,Fall,6,2,1,1,2,12,SWAROOP D
MEEN,417,501,2013,Fall,6,3,2,0,0,11,STAACK D
MEEN,421,501,2013,Fall,35,11,2,0,0,48,PATE M
MEEN,421,502,2013,Fall,14,19,7,1,0,41,STAACK D
MEEN,431,500,2013,Fall,8,15,16,4,0,43,SWAROOP D
MEEN,433,501,2013,Fall,6,4,0,0,0,10,KIM W
MEEN,434,501,2013,Fall,1,5,0,0,0,6,KIM W
MEEN,437,500,2013,Fall,30,4,0,0,0,34,PATE M
MEEN,442,500,2013,Fall,20,18,2,0,0,40,DORON Y
MEEN,455,500,2013,Fall,12,11,2,0,0,25,SU H
MEEN,461,501,2013,Fall,10,16,28,0,3,57,RANJAN D
MEEN,461,502,2013,Fall,18,19,17,2,6,62,LAU S
MEEN,464,501,2013,Fall,5,6,5,0,0,16,LAU S
MEEN,464,502,2013,Fall,7,7,2,0,0,16,LAU S
MEEN,464,503,2013,Fall,4,10,2,0,0,16,LAU S
MEEN,464,504,2013,Fall,7,7,1,0,0,15,LAU S
MEEN,464,505,2013,Fall,4,12,0,0,0,16,LAU S
MEEN,464,506,2013,Fall,7,4,2,0,0,13,LAU S
MEEN,464,507,2013,Fall,6,9,0,0,0,15,LAU S
MEEN,472,500,2013,Fall,8,8,2,1,0,19,PETERSEN E
MEEN,475,501,2013,Fall,43,0,0,0,0,43,OZAYDIN M
MEEN,475,502,2013,Fall,85,5,0,0,0,90,CREASY T
MEEN,489,500,2013,Fall,27,15,0,0,0,42,MCADAMS D
MEEN,603,600,2013,Fall,12,6,1,0,0,19,SRINIVASA A
MEEN,607,600,2013,Fall,9,10,0,0,0,19,GRUNLAN J
MEEN,613,600,2013,Fall,8,14,2,2,0,26,CHILDS D
MEEN,615,600,2013,Fall,6,9,3,0,0,18,CATON J
MEEN,616,601,2013,Fall,5,10,0,0,0,15,LIANG H
MEEN,621,600,2013,Fall,14,28,3,1,0,46,HANDLER R
MEEN,630,600,2013,Fall,7,15,2,0,0,24,MUKHERJEE P
MEEN,634,501,2013,Fall,5,2,0,0,0,7,KIM W
MEEN,640,600,2013,Fall,3,3,0,0,0,6,ARROYAVE R
MEEN,642,600,2013,Fall,12,5,0,0,1,18,HAN J
MEEN,644,600,2013,Fall,27,3,2,0,0,32,ANAND N
MEEN,649,600,2013,Fall,11,3,0,0,0,14,PALAZZOLO A
MEEN,651,600,2013,Fall,9,13,5,1,0,28,RATHINAM S
MEEN,653,600,2013,Fall,17,10,0,0,0,27,MCGUIRE R
MEEN,664,600,2013,Fall,6,8,0,0,0,14,CLARIDGE D
MEEN,667,601,2013,Fall,6,8,2,0,0,16,KIM W
MEEN,672,600,2013,Fall,12,23,6,0,0,41,REDDY J
MEEN,673,600,2013,Fall,11,5,1,0,0,17,REDDY J
MEEN,688,600,2013,Fall,2,6,0,0,0,8,MULIANA H
MEEN,689,600,2013,Fall,11,0,1,0,0,12,SUH C
MEEN,689,601,2013,Fall,2,3,0,0,0,5,STAACK D
MEEN,689,602,2013,Fall,9,8,0,0,0,17,PETERSEN E
NUEN,101,501,2013,Fall,33,9,7,0,0,49,PEDDICORD K
NUEN,101,502,2013,Fall,29,10,2,2,1,44,PEDDICORD K
NUEN,201,501,2013,Fall,22,21,6,0,0,49,SHAO L
NUEN,265,500,2013,Fall,11,10,6,1,1,29,MCDEAVITT S
NUEN,309,501,2013,Fall,8,8,3,0,0,19,FORD J
NUEN,309,502,2013,Fall,20,9,0,1,0,30,POSTON J
NUEN,405,901,2013,Fall,0,3,3,0,0,6,REECE W
NUEN,405,902,2013,Fall,5,2,2,1,1,11,REECE W
NUEN,405,903,2013,Fall,9,1,2,0,0,12,REECE W
NUEN,405,904,2013,Fall,2,5,0,1,1,9,REECE W
NUEN,405,905,2013,Fall,4,7,1,0,0,12,REECE W
NUEN,405,906,2013,Fall,4,3,2,0,1,10,REECE W
NUEN,405,907,2013,Fall,6,4,2,0,0,12,REECE W
NUEN,406,500,2013,Fall,25,20,12,4,5,66,VIEROW K
NUEN,418,500,2013,Fall,18,14,5,1,4,42,RAGUSA J
NUEN,431,500,2013,Fall,20,0,0,0,0,20,POSTON J
NUEN,475,500,2013,Fall,9,7,7,4,0,27,MARLOW W
NUEN,485,503,2013,Fall,18,14,5,1,4,42,RAGUSA J
NUEN,485,526,2013,Fall,9,4,0,0,0,13,TSVETKOV P
NUEN,489,501,2013,Fall,6,1,0,0,0,7,AKABANI H
NUEN,601,600,2013,Fall,13,7,2,1,0,23,MCCLARREN R
NUEN,605,600,2013,Fall,14,2,0,0,0,16,MARIANNO C
NUEN,610,600,2013,Fall,12,2,1,0,0,15,TSVETKOV P
NUEN,613,600,2013,Fall,7,5,0,0,0,12,AKABANI H
NUEN,615,600,2013,Fall,8,0,0,0,0,8,GUETERSLOH S
NUEN,618,600,2013,Fall,7,2,2,0,0,11,RAGUSA J
NUEN,623,600,2013,Fall,8,0,0,0,0,8,HASSAN Y
NUEN,630,600,2013,Fall,12,0,0,0,0,12,CHIRAYATH S
NUEN,650,600,2013,Fall,16,1,0,0,0,17,CHARLTON W
NUEN,656,600,2013,Fall,7,5,0,0,0,12,CHARLTON W
NUEN,662,600,2013,Fall,11,0,0,0,0,11,SHAO L
NUEN,678,600,2013,Fall,12,1,0,0,0,13,MCDEAVITT S
NUEN,689,601,2013,Fall,8,2,0,0,0,10,AKABANI H
PETE,201,501,2013,Fall,24,6,1,0,0,31,LANE R
PETE,201,502,2013,Fall,34,3,0,0,0,37,LANE R
PETE,201,503,2013,Fall,33,5,0,0,0,38,LANE R
PETE,201,504,2013,Fall,34,4,0,0,0,38,LANE R
PETE,201,505,2013,Fall,24,8,1,0,0,33,LANE R
PETE,201,506,2013,Fall,30,3,0,0,0,33,LANE R
PETE,225,501,2013,Fall,8,7,5,0,1,21,NOYNAERT S
PETE,225,502,2013,Fall,9,6,3,2,1,21,NOYNAERT S
PETE,225,503,2013,Fall,4,3,6,5,1,19,NOYNAERT S
PETE,225,504,2013,Fall,6,5,7,2,0,20,NOYNAERT S
PETE,225,505,2013,Fall,11,4,6,0,0,21,NOYNAERT S
PETE,225,506,2013,Fall,9,4,3,2,0,18,NOYNAERT S
PETE,301,501,2013,Fall,19,17,6,2,1,45,MAGGARD J
PETE,301,502,2013,Fall,15,18,4,2,1,40,MAGGARD J
PETE,301,503,2013,Fall,14,10,8,1,0,33,MAGGARD J
PETE,301,504,2013,Fall,12,10,8,3,0,33,MAGGARD J
PETE,310,501,2013,Fall,4,10,4,0,1,19,BARRUFET M
PETE,310,502,2013,Fall,4,6,14,6,1,31,BARRUFET M
PETE,310,503,2013,Fall,6,6,7,0,0,19,BARRUFET M
PETE,310,504,2013,Fall,3,12,12,6,0,33,BARRUFET M
PETE,310,505,2013,Fall,3,8,7,0,1,19,BARRUFET M
PETE,310,506,2013,Fall,4,10,15,2,1,32,BARRUFET M
PETE,310,507,2013,Fall,1,4,5,3,0,13,BARRUFET M
PETE,314,501,2013,Fall,15,14,15,4,0,48,VALKO P
PETE,314,502,2013,Fall,37,23,13,3,3,79,HASAN A
PETE,314,503,2013,Fall,8,11,5,3,1,28,VALKO P
PETE,321,501,2013,Fall,8,10,4,1,0,23,SCHECHTER D
PETE,323,500,2013,Fall,4,9,4,2,0,19,NASRABADI H
PETE,324,501,2013,Fall,7,10,2,1,0,20,MCLEROY P
PETE,325,501,2013,Fall,11,6,0,0,0,17,JOCHEN J
PETE,325,502,2013,Fall,4,4,1,0,0,9,JOCHEN J
PETE,335,500,2013,Fall,147,5,0,0,1,153,RAMADURAI V
PETE,401,501,2013,Fall,15,13,10,4,1,43,MCVAY D
PETE,401,502,2013,Fall,9,21,8,3,1,42,NASRABADI H
PETE,401,503,2013,Fall,25,16,4,0,0,45,GILDIN E
PETE,401,504,2013,Fall,25,19,0,0,0,44,KILLOUGH J
PETE,403,500,2013,Fall,17,17,5,0,0,39,SLIVA C
PETE,403,501,2013,Fall,13,20,3,1,0,37,SLIVA C
PETE,403,502,2013,Fall,5,13,1,0,1,20,SLIVA C
PETE,405,500,2013,Fall,160,14,2,1,1,178,SCHUBERT J
PETE,410,500,2013,Fall,52,28,8,0,0,88,ZHU D
PETE,410,502,2013,Fall,53,24,3,0,1,81,LIN J
PETE,435,500,2013,Fall,166,15,4,1,1,187,ASCHENBECK S
PETE,603,600,2013,Fall,20,13,0,0,0,33,WATTENBARGER R
PETE,606,600,2013,Fall,12,2,1,0,0,15,HASCAKIR B
PETE,608,600,2013,Fall,23,5,1,0,0,29,HEIDARI Z
PETE,608,700,2013,Fall,5,3,3,0,0,11,HEIDARI Z
PETE,612,600,2013,Fall,21,8,2,0,0,31,AYERS W
PETE,612,700,2013,Fall,9,4,0,0,0,13,AYERS W
PETE,619,600,2013,Fall,20,0,0,0,0,20,SCHECHTER D
PETE,620,600,2013,Fall,3,3,0,0,0,6,BLASINGAME T
PETE,621,600,2013,Fall,10,0,0,0,0,10,MCLEROY P
PETE,621,700,2013,Fall,12,3,0,0,0,15,MCLEROY P
PETE,627,600,2013,Fall,14,2,0,0,0,16,TEODORIU C
PETE,627,700,2013,Fall,24,2,0,0,0,26,TEODORIU C
PETE,632,600,2013,Fall,13,1,2,0,0,16,AKKUTLU I
PETE,637,600,2013,Fall,19,2,0,0,0,21,DATTAGUPTA A
PETE,645,600,2013,Fall,13,0,0,0,0,13,KING M
PETE,662,600,2013,Fall,25,5,3,0,0,33,ZHU D
PETE,662,700,2013,Fall,4,3,0,0,0,7,ZHU D
PETE,664,600,2013,Fall,15,4,1,0,0,20,VONEIFF G
PETE,664,700,2013,Fall,12,2,1,0,1,16,VONEIFF G
PETE,665,600,2013,Fall,28,15,0,1,0,44,MCCAIN W
PETE,665,700,2013,Fall,2,11,2,1,0,16,MCCAIN W
PETE,689,603,2013,Fall,8,4,0,0,0,12,DUPRIEST F
